{"cameraMode":{"drawMode":0,"name":"Shaded","section":"Shading Mode"},"sceneLighting":false,"audioPlay":false,"sceneViewState":{"m_AlwaysRefresh":false,"showFog":true,"showSkybox":false,"showFlares":true,"showImageEffects":true,"showParticleSystems":true,"showVisualEffectGraphs":true,"m_FxEnabled":true},"in2DMode":false,"pivot":{"x":-0.6572622060775757,"y":-0.05619272589683533,"z":0.43086910247802737},"rotation":{"x":-0.05409207567572594,"y":0.9141015410423279,"z":-0.13003823161125184,"w":-0.38024017214775088},"size":2.574742078781128,"orthographic":false}