{"cameraMode":{"drawMode":0,"name":"Shaded","section":"Shading Mode"},"sceneLighting":false,"audioPlay":false,"sceneViewState":{"m_AlwaysRefresh":false,"showFog":true,"showSkybox":false,"showFlares":true,"showImageEffects":true,"showParticleSystems":true,"showVisualEffectGraphs":true,"m_FxEnabled":true},"in2DMode":false,"pivot":{"x":0.1216970831155777,"y":0.16244646906852723,"z":0.3522353768348694},"rotation":{"x":-0.0451953150331974,"y":-0.41898757219314577,"z":0.020888010039925576,"w":-0.9066269993782044},"size":0.732413113117218,"orthographic":false}